0.49258854836150767,0.0010550941808753003,0.5297731468175408,-0.0022507411796236117,-0.010807371413730515,-0.0015778704165183637,0.999937820672974,0.1265970988392682,-0.15004237129086428,0.14238239469483085,-0.11257120219747935,0.7561099045712126,0.9086205339114789,0.9420549211839848,0.7916712360626645,0.0,-1.4512029876017556,-1.6623671453809499,-1.7184877460943864,-1.5129470289190345,2.55,-1.6,-1.4,0.0,0.0
0.49258854836150767,0.0010550941808753003,0.5297731468175408,-0.0022507411796236117,-0.010807371413730515,-0.0015778704165183637,0.999937820672974,0.1265970988392682,-0.15004237129086428,0.14238239469483085,-0.11257120219747935,0.7561099045712126,0.9086205339114789,0.9420549211839848,0.7916712360626645,0.0,-1.4512029876017556,-1.6623671453809499,-1.7184877460943864,-1.5129470289190345,2.55,-1.6,-1.4,0.0,0.0
0.49258854836150767,0.0010550941808753003,0.5297731468175408,-0.0022507411796236117,-0.010807371413730515,-0.0015778704165183637,0.999937820672974,0.1265970988392682,-0.15004237129086428,0.14238239469483085,-0.11257120219747935,0.7561099045712126,0.9086205339114789,0.9420549211839848,0.7916712360626645,0.0,-1.4512029876017556,-1.6623671453809499,-1.7184877460943864,-1.5129470289190345,2.55,-1.6,-1.4,0.0,0.0
0.49258854836150767,0.0010550941808753003,0.5297731468175408,-0.0022507411796236117,-0.010807371413730515,-0.0015778704165183637,0.999937820672974,0.1265970988392682,-0.15004237129086428,0.14238239469483085,-0.11257120219747935,0.7561099045712126,0.9086205339114789,0.9420549211839848,0.7916712360626645,0.0,-1.4512029876017556,-1.6623671453809499,-1.7184877460943864,-1.5129470289190345,2.55,-1.6,-1.4,0.0,0.0
0.49258854836150767,0.0010550941808753003,0.5297731468175408,-0.0022507411796236117,-0.010807371413730515,-0.0015778704165183637,0.999937820672974,0.1265970988392682,-0.15004237129086428,0.14238239469483085,-0.11257120219747935,0.7561099045712126,0.9086205339114789,0.9420549211839848,0.7916712360626645,0.0,-1.4512029876017556,-1.6623671453809499,-1.7184877460943864,-1.5129470289190345,2.55,-1.6,-1.4,0.0,0.0
0.49258854836150767,0.0010550941808753003,0.5297731468175408,-0.0022507411796236117,-0.010807371413730515,-0.0015778704165183637,0.999937820672974,0.1265970988392682,-0.15004237129086428,0.14238239469483085,-0.11257120219747935,0.7561099045712126,0.9086205339114789,0.9420549211839848,0.7916712360626645,0.0,-1.4512029876017556,-1.6623671453809499,-1.7184877460943864,-1.5129470289190345,2.55,-1.6,-1.4,0.0,0.0
0.49258854836150767,0.0010550941808753003,0.5297731468175408,-0.0022507411796236117,-0.010807371413730515,-0.0015778704165183637,0.999937820672974,0.1265970988392682,-0.15004237129086428,0.14238239469483085,-0.11257120219747935,0.7561099045712126,0.9086205339114789,0.9420549211839848,0.7916712360626645,0.0,-1.4512029876017556,-1.6623671453809499,-1.7184877460943864,-1.5129470289190345,2.55,-1.6,-1.4,0.0,0.0
0.49258854836150767,0.0010550941808753003,0.5297731468175408,-0.0022507411796236117,-0.010807371413730515,-0.0015778704165183637,0.999937820672974,0.1265970988392682,-0.15004237129086428,0.14238239469483085,-0.11257120219747935,0.7561099045712126,0.9086205339114789,0.9420549211839848,0.7916712360626645,0.0,-1.4512029876017556,-1.6623671453809499,-1.7184877460943864,-1.5129470289190345,2.55,-1.6,-1.4,0.0,0.0
0.49258854836150767,0.0010550941808753003,0.5297731468175408,-0.0022507411796236117,-0.010807371413730515,-0.0015778704165183637,0.999937820672974,0.1265970988392682,-0.15004237129086428,0.14238239469483085,-0.11257120219747935,0.7561099045712126,0.9086205339114789,0.9420549211839848,0.7916712360626645,0.0,-1.4512029876017556,-1.6623671453809499,-1.7184877460943864,-1.5129470289190345,2.55,-1.6,-1.4,0.0,0.0
0.49258854836150767,0.0010550941808753003,0.5297731468175408,-0.0022507411796236117,-0.010807371413730515,-0.0015778704165183637,0.999937820672974,0.1265970988392682,-0.15004237129086428,0.14238239469483085,-0.11257120219747935,0.7561099045712126,0.9086205339114789,0.9420549211839848,0.7916712360626645,0.0,-1.4512029876017556,-1.6623671453809499,-1.7184877460943864,-1.5129470289190345,2.55,-1.6,-1.4,0.0,0.0
0.49258854836150767,0.0010550941808753003,0.5297731468175408,-0.0022507411796236117,-0.010807371413730515,-0.0015778704165183637,0.999937820672974,0.1265970988392682,-0.15004237129086428,0.14238239469483085,-0.11257120219747935,0.7561099045712126,0.9086205339114789,0.9420549211839848,0.7916712360626645,0.0,-1.4512029876017556,-1.6623671453809499,-1.7184877460943864,-1.5129470289190345,2.55,-1.6,-1.4,0.0,0.0
0.49258854836150767,0.0010550941808753003,0.5297731468175408,-0.0022507411796236117,-0.010807371413730515,-0.0015778704165183637,0.999937820672974,0.1265970988392682,-0.15004237129086428,0.14238239469483085,-0.11257120219747935,0.7561099045712126,0.9086205339114789,0.9420549211839848,0.7916712360626645,0.0,-1.4512029876017556,-1.6623671453809499,-1.7184877460943864,-1.5129470289190345,2.55,-1.6,-1.4,0.0,0.0
0.49258854836150767,0.0010550941808753003,0.5297731468175408,-0.0022507411796236117,-0.010807371413730515,-0.0015778704165183637,0.999937820672974,0.1265970988392682,-0.15004237129086428,0.14238239469483085,-0.11257120219747935,0.7561099045712126,0.9086205339114789,0.9420549211839848,0.7916712360626645,0.0,-1.4512029876017556,-1.6623671453809499,-1.7184877460943864,-1.5129470289190345,2.55,-1.6,-1.4,0.0,0.0
0.49258854836150767,0.0010550941808753003,0.5297731468175408,-0.0022507411796236117,-0.010807371413730515,-0.0015778704165183637,0.999937820672974,0.1265970988392682,-0.15004237129086428,0.14238239469483085,-0.11257120219747935,0.7561099045712126,0.9086205339114789,0.9420549211839848,0.7916712360626645,0.0,-1.4512029876017556,-1.6623671453809499,-1.7184877460943864,-1.5129470289190345,2.55,-1.6,-1.4,0.0,0.0
0.49258854836150767,0.0010550941808753003,0.5297731468175408,-0.0022507411796236117,-0.010807371413730515,-0.0015778704165183637,0.999937820672974,0.1265970988392682,-0.15004237129086428,0.14238239469483085,-0.11257120219747935,0.7561099045712126,0.9086205339114789,0.9420549211839848,0.7916712360626645,0.0,-1.4512029876017556,-1.6623671453809499,-1.7184877460943864,-1.5129470289190345,2.55,-1.6,-1.4,0.0,0.0
0.49258854836150767,0.0010550941808753003,0.5297731468175408,-0.0022507411796236117,-0.010807371413730515,-0.0015778704165183637,0.999937820672974,0.1265970988392682,-0.15004237129086428,0.14238239469483085,-0.11257120219747935,0.7561099045712126,0.9086205339114789,0.9420549211839848,0.7916712360626645,0.0,-1.4512029876017556,-1.6623671453809499,-1.7184877460943864,-1.5129470289190345,2.55,-1.6,-1.4,0.0,0.0
0.499989216070862,0.0011615323674081038,0.5303640276556572,-0.0024599309789885447,-0.01110172360736929,-0.0009195304397216124,0.9999349253507924,0.12589909336939786,-0.14920138408195704,0.141229249182436,-0.1115039842410199,0.7679375395552203,0.8922308265425462,0.9254620654194539,0.8055673204986822,0.0,-1.4484615306166533,-1.6544034959721223,-1.7113747330411855,-1.5110863786029824,2.55,-1.6,-1.4,0.0,0.0
0.5074198076259754,0.00123751179403591,0.5308995102022532,-0.002510539034054219,-0.011457077714992854,-0.0002370695281814942,0.999931185813319,0.12501985123104215,-0.14569406721752137,0.1379558956786514,-0.11066328478024878,0.7795976711103156,0.8650250020102657,0.8982652860674094,0.8196518619591056,0.0,-1.4451748129856528,-1.631517956671446,-1.6889330328457135,-1.5092894195463613,2.55,-1.6,-1.4,0.0,0.0
0.5149276301587143,0.001278885327484075,0.5312737060137757,-0.0023952085954932257,-0.01191565479151245,0.00042452211616827464,0.9999260472293171,0.12388971502803657,-0.14032588650057096,0.13355434884355158,-0.11015208270126582,0.7914497244255837,0.829907460213178,0.8632150448665409,0.8343324063480924,0.0,-1.4417159187762607,-1.5986408350362393,-1.6559717737549,-1.5080558587591955,2.55,-1.6,-1.4,0.0,0.0
0.5225364630535085,0.0012885887773045508,0.531439334641976,-0.0021292790971374166,-0.012381591439812994,0.0010384499587401247,0.9999205388357754,0.12268955566246664,-0.13405586635505978,0.12910123622511574,-0.1099710602259943,0.8036121096673822,0.7898190661518903,0.8230171632065538,0.8494180144379089,0.0,-1.4384421827127607,-1.5605751148779803,-1.6171939344558308,-1.5073023605759395,2.55,-1.6,-1.4,0.0,0.0
0.5302556838236022,0.0012735553007954398,0.5313897814334162,-0.0016864154260672211,-0.01266719529803116,0.0016081728243814224,0.9999170525330885,0.1212575405758445,-0.12780034138740806,0.1254620101876315,-0.11006636135374892,0.8160741826610075,0.7477498142147,0.7802206555811109,0.8643425457879819,0.0,-1.4359931564135753,-1.5223409872599685,-1.577076060171547,-1.5066315199971796,2.55,-1.6,-1.4,0.0,0.0
0.5380818305380314,0.0012403381852252662,0.5311394360044563,-0.0010931059648633724,-0.012506404386602468,0.0021643198083613983,0.999918852051723,0.11973943506075951,-0.12228288749703509,0.12371695502949963,-0.11047598206046502,0.8286482263035555,0.7069718084509746,0.737562261436225,0.8781002661782573,0.0,-1.4349342304265473,-1.4895834674770232,-1.5405871638678974,-1.5051301197960971,2.55,-1.6,-1.4,0.0,0.0
0.5459885449092392,0.0011872859629088184,0.5307347357125305,-0.0005335214957053405,-0.011515123771076736,0.002766094451247122,0.9999297305315196,0.1183884576687327,-0.11800789263940309,0.12503737006612786,-0.110528628895382,0.8411541419640738,0.6705938791472722,0.6976251497572437,0.8892695991031501,0.0,-1.4364121431424643,-1.4681846268768288,-1.5126586871218353,-1.5016725734222713,2.55,-1.6,-1.4,0.0,0.0
0.5539893536276518,0.0011155780158053352,0.5301492941906263,0.000264748546488508,-0.009705506576270435,0.0033713857448851737,0.9999471820093622,0.11788753498868654,-0.11759561756328805,0.12568372211891934,-0.1114501368635373,0.8529749226112248,0.6542150150045707,0.679794093517463,0.8966633623443395,0.0,-1.4440150837323547,-1.4464589096732299,-1.4945223408702015,-1.502617682622605,2.55,-1.6,-1.4,0.0,0.0
0.5620134183319495,0.001031812636244675,0.5294582001408811,0.0010766264610488313,-0.008681877382902216,0.003742171900922083,0.999954729990331,0.12207068024585518,-0.1197673788063822,0.12468625689513174,-0.11347371841242421,0.8550962421904097,0.671511651917484,0.6929094190561834,0.8965155574880737,0.0,-1.4679647491002599,-1.4552512754207763,-1.4960087445958932,-1.5270041564066414,2.55,-1.6,-1.4,0.0,0.0
0.5699848746606985,0.0009381009012827679,0.5289428833551097,0.001606566345896412,-0.008591187053439702,0.003909244101457137,0.9999541630795605,0.12824881246929556,-0.12090098257102669,0.12415864622322784,-0.117191626604527,0.8650871607360867,0.6882977170202101,0.7087565190158098,0.9055383164541743,0.0,-1.5039445859455047,-1.4601697166989276,-1.4992127473528742,-1.5640236840180821,2.55,-1.6,-1.4,0.0,0.0
0.5778499111968013,0.0008349963696036439,0.5286645773431466,0.0020940479617414113,-0.008980320564722909,0.003886808272461764,0.999949929510044,0.13524207809226169,-0.12158261249753158,0.12369191058147995,-0.1221604128789348,0.8795970170963773,0.7043772434271784,0.7255901710982575,0.9194297525192506,0.0,-1.544935284914131,-1.4624542797051716,-1.5023796657357016,-1.6071320171222694,2.55,-1.6,-1.4,0.0,0.0
0.5855785229070442,0.0007224692001771352,0.5286345973000579,0.0026132901873830144,-0.009503257230549683,0.0037017915733608786,0.9999445762418806,0.14215849126249439,-0.12206194812483735,0.12281864676500824,-0.1272036500971192,0.8943464792129912,0.7194856510828233,0.742184256346582,0.9337764571087646,0.0,-1.5855870257036608,-1.4630424280275098,-1.5046879417841963,-1.6504066602738847,2.55,-1.6,-1.4,0.0,0.0
0.5931810835883632,0.0006048499269177172,0.5288293971780923,0.0031229280217474563,-0.01001348822797807,0.0033673757850680454,0.9999393172360018,0.14840024467059829,-0.12231355679505168,0.12175123353096544,-0.13133132527283417,0.9059949633647301,0.7335981714277997,0.7580646919544898,0.9451575123789637,0.0,-1.6207564057397361,-1.4624298387079484,-1.5057520894433716,-1.6883038859706407,2.55,-1.6,-1.4,0.0,0.0
0.6006874804152993,0.0004906754183695468,0.5292110133587152,0.003568314236183512,-0.010474634128226818,0.0028903014218305866,0.9999345955266689,0.15301107322158586,-0.12227541889353,0.12055063773926471,-0.13409918295589904,0.9113031632411054,0.7467981694023028,0.773223526127949,0.9501503786548159,0.0,-1.6457164091519105,-1.460845110042872,-1.5056828856134508,-1.7154691175783912,2.55,-1.6,-1.4,0.0,0.0
0.6081264997953562,0.00038771472782438143,0.5297378557516199,0.0039265936068051495,-0.010855143868164668,0.0022929272019569656,0.9999307427012608,0.15511310524875932,-0.12194133905532513,0.11932898815231412,-0.13517601784824892,0.9068818275142055,0.759202065175218,0.7876417829148474,0.9453770094298906,0.0,-1.6555900665402548,-1.4585097643160196,-1.504554643988982,-1.7269019921630238,2.55,-1.6,-1.4,0.0,0.0
0.6155370232557196,0.0003055650161117862,0.5303394689975465,0.004146679399157197,-0.011179476491037852,0.0016182427740289518,0.9999276002019704,0.15429908898758107,-0.12136069424610749,0.1181718384331513,-0.13405578769660406,0.8904359404107851,0.7710551467326372,0.8016235246489402,0.9286742299185159,0.0,-1.647584489748162,-1.4555766723087702,-1.5027728733764336,-1.7197574541381053,2.55,-1.6,-1.4,0.0,0.0
0.6229772692708906,0.0002545187916516735,0.5308855400415781,0.004237173950876222,-0.011552071577930718,0.0009246666286180055,0.9999238675973258,0.1507073918802033,-0.12053508917674247,0.11719278082550424,-0.1309174787506195,0.8631660876033519,0.7827684014308395,0.8157378398882932,0.9014848735321705,0.0,-1.6247608480759932,-1.4522571183695587,-1.500997308099288,-1.6974181302874463,2.55,-1.6,-1.4,0.0,0.0
0.6304955087773898,0.0002393524066139109,0.5312743706132482,0.004181762367575711,-0.012017747659918207,0.0002558994827663175,0.9999190072801589,0.14526998150950055,-0.11959936300035345,0.11650872036690832,-0.12671720970398337,0.8279719980700287,0.7946645312718966,0.8304012838942014,0.8665027231553555,0.0,-1.5918729972057382,-1.448713647440112,-1.4997361477386473,-1.6645197970447463,2.55,-1.6,-1.4,0.0,0.0
0.6381151350589493,0.00025705166526818896,0.5314558204975809,0.003992424544729913,-0.012476464206961455,-0.00036055399979648893,0.9999141305071954,0.1388869982464308,-0.118519062925493,0.11612512807201139,-0.12240330721580032,0.7877140124346999,0.8068952756701343,0.8454118142556465,0.8263302069918358,0.0,-1.553657295351259,-1.4454981373301794,-1.4989054139549276,-1.6257614774268767,2.55,-1.6,-1.4,0.0,0.0
0.6458465559664917,0.0003011128345041733,0.5314181868408998,0.003636714571701672,-0.012748600420758783,-0.0009306789270053055,0.9999116867659718,0.13250606012740174,-0.11730300756764507,0.11606314457330957,-0.11888484172432802,0.74550240720875,0.8194035348037512,0.860207957414492,0.7836245214579404,0.0,-1.5153270629565725,-1.443061712819665,-1.4980749942776657,-1.5857565520465582,2.55,-1.6,-1.4,0.0,0.0
0.6536860048662865,0.00036434139991406433,0.5311797131056272,0.003111564164166393,-0.012568147183561735,-0.00148651043350148,0.9999150714593494,0.12695771178609327,-0.11595162802687432,0.11629620259713977,-0.11720519841290246,0.704613567436345,0.8320198446021434,0.8738388198800823,0.7411019338260453,0.0,-1.4824826053139746,-1.4420283043935798,-1.4964573490834043,-1.5494013706260463,2.55,-1.6,-1.4,0.0,0.0
0.6616059932037215,0.0004473242183045331,0.5307849221431988,0.002573497210246151,-0.011551876909875922,-0.002083167058391993,0.9999277932265783,0.12267286235122052,-0.11467398242572158,0.11627995405520573,-0.11845479758041953,0.6681663713159196,0.8445499683801058,0.8848817563481535,0.7013257213976687,0.0,-1.4610131627571243,-1.443510373505758,-1.4928958668936687,-1.5215390067535985,2.55,-1.6,-1.4,0.0,0.0
0.6696250048451402,0.0005504533209139718,0.5302001979006628,0.0017613818414151815,-0.00973770503316532,-0.002677265064999852,0.999947452062591,0.1220452404121996,-0.11418953378106605,0.11723389649701486,-0.11905756692196394,0.6514341571460434,0.8564286016572262,0.8922944956824003,0.6838047950811488,0.0,-1.4383694050935842,-1.4510185418176007,-1.4937740561341455,-1.5036890733394537,2.55,-1.6,-1.4,0.0,0.0
0.6776725416956422,0.0006669368304424612,0.529507176918975,0.0009555695863452887,-0.008741824829208739,-0.0030389148012081005,0.9999567152543415,0.12414241904732085,-0.11785712748465686,0.11982937156841565,-0.11809434031509146,0.6686771169541987,0.8589656966234638,0.8923600465544017,0.6970943385657089,0.0,-1.447114125236067,-1.475682228168623,-1.517464758035116,-1.5052392103706391,2.55,-1.6,-1.4,0.0,0.0
0.685667587803912,0.0007938186666656653,0.5289924942983013,0.00034471491066685625,-0.008658383371929227,-0.0032125035359886257,0.9999572957831983,0.12541482029730922,-0.12371811591508022,0.12388146811884491,-0.11750755260190499,0.6854763994731093,0.8688690343263359,0.901719388279597,0.7130126835901877,0.0,-1.4520542671373353,-1.5115128066603403,-1.5546606019469127,-1.5083697788881052,2.55,-1.6,-1.4,0.0,0.0
0.6935517419774349,0.0009282177488553166,0.5287170304509683,-0.00024016336431462252,-0.009025822370739407,-0.0031985897577337745,0.9999541218854254,0.12627989372375245,-0.13074469415505394,0.1288349370650778,-0.1167642054941984,0.7015609688049574,0.8831285364490561,0.9158936146872955,0.7298456264121689,0.0,-1.4544460115736713,-1.5522432707057308,-1.5980540170789175,-1.5114839099409114,2.55,-1.6,-1.4,0.0,0.0
0.7012987172248375,0.001068802448086971,0.528688649390875,-0.0008513920494323706,-0.009538103034464743,-0.0030225066173394824,0.9999495808168681,0.12691110427627314,-0.13768745475050576,0.13382492876702584,-0.1157640753881719,0.7166832456817418,0.8976214398276163,0.9304926399950533,0.7464356988060983,0.0,-1.4551253208689983,-1.5926517870977794,-1.6415953767448803,-1.5136580418744894,2.55,-1.6,-1.4,0.0,0.0
0.7089175559516525,0.0012122303696019965,0.5288847540750058,-0.0014403116447823294,-0.01004461836185157,-0.0026930358165983843,0.9999448878325351,0.12728557057242537,-0.14381850603592405,0.1380991389435741,-0.11456859569786607,0.730797711576894,0.909094808201211,0.9420388846787595,0.7623316252763104,0.0,-1.4545771222644597,-1.6277350097992445,-1.6797077008913777,-1.5146247336103789,2.55,-1.6,-1.4,0.0,0.0
0.7164355992939868,0.0013522304336918561,0.5292685221865873,-0.0019392804595173882,-0.010489866851296856,-0.0022173906956214984,0.9999406407698632,0.12732121574373212,-0.14834988979083386,0.1409934674555903,-0.11330723889067217,0.7439751336374489,0.9142484308732275,0.9471437000950929,0.7774780897089264,0.0,-1.4530601210414873,-1.6526086661587942,-1.707049862159271,-1.5144439673969263,2.55,-1.6,-1.4,0.0,0.0
0.72388413962638,0.001480187051937254,0.5297965117023851,-0.0023122300187616474,-0.010859224806883542,-0.001617903119593766,0.9999370546281549,0.12700988538487673,-0.15026790527912703,0.14223147868126834,-0.11206606940745135,0.756339483093718,0.9097523169942208,0.9423825831566064,0.7919084211668299,0.0,-1.45075775190956,-1.662573942395999,-1.7184609654986531,-1.5132506012329396,2.55,-1.6,-1.4,0.0,0.0
0.7312999429536311,0.0015878413529302783,0.5303985749229565,-0.002531398217297705,-0.011159558340011484,-0.0009408794684348626,0.9999340833407707,0.1263013359028776,-0.14935549749478788,0.14116689355386497,-0.11094886378623148,0.7681560696187288,0.893216786081132,0.9256341066487878,0.805845470617637,0.0,-1.447964219588658,-1.654584669625627,-1.7113445434472474,-1.5113690544257776,2.55,-1.6,-1.4,0.0,0.0
0.7387438650744156,0.0016643762113264342,0.5309439012278957,-0.002574634876725183,-0.011512233761399666,-0.00024333494979222566,0.9999303878356617,0.1253874356829969,-0.14584719837556193,0.1379157668108462,-0.11009870141537624,0.7798003213948264,0.8659534832266169,0.8983952440856187,0.819951748033417,0.0,-1.4446423703758215,-1.6318317616298765,-1.6889444505120703,-1.509541311149819,2.55,-1.6,-1.4,0.0,0.0
0.7462644510475427,0.0017050230738616286,0.531330381931733,-0.0024629950796887963,-0.011960999535018174,0.0004274718560278165,0.9999253399195228,0.1242597433424212,-0.14053664763025697,0.13354201087119388,-0.10955398884321225,0.7916439515439819,0.8307677516567771,0.8633447068318073,0.8346258503303886,0.0,-1.441178422951169,-1.5989645872384541,-1.6560390626472679,-1.508259570735114,2.55,-1.6,-1.4,0.0,0.0
0.7538876280449456,0.00171213007220292,0.5315060422713234,-0.00217828289518313,-0.012426955856529935,0.001049319686695457,0.9999198591787062,0.12301756797748925,-0.13432596369408242,0.1290130947910734,-0.10939348417292676,0.8037843173848996,0.7905734767809907,0.8230686485110512,0.849732994668001,0.0,-1.4378323320248074,-1.5608951255452972,-1.6172212217897481,-1.5074735583648815,2.55,-1.6,-1.4,0.0,0.0
0.7616209242500338,0.001692633800557803,0.5314622331414011,-0.0017336778942969471,-0.01271353429380317,0.0016242434670449024,0.9999163576219158,0.12158848147238316,-0.12795356520960527,0.1254585501817268,-0.10953320699757836,0.8162300478592197,0.7484049354044399,0.7801712901138939,0.8646620121756162,0.0,-1.4353255376812566,-1.5227372085980486,-1.577055638205545,-1.5067286535597835,2.55,-1.6,-1.4,0.0,0.0
0.7694595700766842,0.001654152205662205,0.5312177605893393,-0.0011451414573233102,-0.012539841140694976,0.002181799051464347,0.9999183370596362,0.12009342195328142,-0.12226604577348571,0.12382174300509666,-0.10982723466578591,0.8287979003600232,0.7074595968315521,0.7373294037738286,0.8784091807002189,0.0,-1.434262182058219,-1.4899870709213023,-1.5402994221356654,-1.5052421941855092,2.55,-1.6,-1.4,0.0,0.0
0.777376528038497,0.0015942738645992813,0.5308153570569025,-0.0005924882892938214,-0.011521610107641503,0.002780734820531787,0.9999295820066594,0.11878353011589374,-0.11798947232692102,0.12507093802206246,-0.10986640469534834,0.8412879486519341,0.6708290263677127,0.6971696035326933,0.8895106325887929,0.0,-1.4357831802099053,-1.4685473323161464,-1.5123048483761827,-1.5017222896931026,2.55,-1.6,-1.4,0.0,0.0
0.7854007717198941,0.00151523212488228,0.5301957599743587,0.000268579030049032,-0.009780162879631045,0.0033662193474054427,0.9999464709906515,0.11842632234835004,-0.11779231246997122,0.12530504150011476,-0.11106033717037796,0.8528915554252591,0.6561599117710354,0.6817776956233348,0.8966475751737586,0.0,-1.4434285985128237,-1.4463576825746978,-1.495160059253352,-1.503246800474931,2.55,-1.6,-1.4,0.0,0.0
0.7934395115032236,0.0014203993621918452,0.52948983921906,0.0010553103983847168,-0.008847067914333222,0.0037256909926106736,0.9999533663806077,0.12288827284837904,-0.11982919005867673,0.1243341097550625,-0.11289010932021282,0.8549013143391462,0.6733670832711037,0.6952253193224521,0.8964806734921791,0.0,-1.4673504410603477,-1.4548409722628235,-1.4969133776415517,-1.5277703330696597,2.55,-1.6,-1.4,0.0,0.0
0.8014284454965428,0.0013191016889480232,0.5289609722378665,0.0016011000389294736,-0.008844808578355463,0.003876994684156224,0.9999520862281837,0.1288991106355056,-0.1209642032622997,0.12380040838432749,-0.11678983760732622,0.8648718102646282,0.6902104182570641,0.7113532511308536,0.905482131428544,0.0,-1.5033762880336843,-1.4595359729390678,-1.5003229346924853,-1.5647958954675314,2.55,-1.6,-1.4,0.0,0.0
0.8093033729098196,0.0012096368727474473,0.528672435271757,0.002108806607397418,-0.00926775723518438,0.003848197286109612,0.9999474251120254,0.13579634433952564,-0.12167547766328903,0.12323435505560539,-0.1217307430505693,0.879116937420216,0.7063239186500394,0.7283347331907013,0.9192088850337234,0.0,-1.5443626935924282,-1.4617401779098087,-1.5036360832061413,-1.6079605646273203,2.55,-1.6,-1.4,0.0,0.0
0.8170403520428653,0.0010935572457833782,0.5286303314128263,0.0026374923278388545,-0.009806107052973856,0.0036634018406819712,0.9999417299951233,0.1426692852918937,-0.12217371720740877,0.12236820280487186,-0.126742335357238,0.8936873600315766,0.7214511089125357,0.7449892172582073,0.9334298088636719,0.0,-1.5850532680530927,-1.462290868974793,-1.5059561868084057,-1.6512121245251918,2.55,-1.6,-1.4,0.0,0.0
0.8246511764622775,0.0009757259852004214,0.5288117529151993,0.003153350548582564,-0.010323893499892453,0.0033346340527289206,0.9999361748727041,0.1486976916106541,-0.1224010962873651,0.12128770270709735,-0.13100496622955884,0.9052131067678401,0.7355923636219509,0.7609125853124523,0.9446237305872001,0.0,-1.6203826357550868,-1.4616806111671443,-1.5070371968397644,-1.6889736563758384,2.55,-1.6,-1.4,0.0,0.0
0.8321637377108348,0.0008630911061548591,0.5291790886961613,0.00360943379412392,-0.010770914433410553,0.0028661341068847304,0.9999313699775777,0.15300501862760868,-0.12241240141706572,0.12017885851700776,-0.13409997182755734,0.910443165159936,0.7487889263940423,0.7759949490903941,0.9494057909973109,0.0,-1.6455938476646994,-1.4601229786550007,-1.5068286281339653,-1.7160416598602986,2.55,-1.6,-1.4,0.0,0.0
0.8396082145943728,0.0007629939594796624,0.529694856054518,0.003960560905852657,-0.011112310842362992,0.002276838339072231,0.9999278206511866,0.15494108502958037,-0.12213125156010952,0.11894299767995982,-0.13536166866652366,0.9059538524179596,0.7611689658949575,0.7903026480707983,0.9444424316762926,0.0,-1.6556441913521642,-1.4578594419010074,-1.50560704448768,-1.727311087022559,2.55,-1.6,-1.4,0.0,0.0
0.8470254525649643,0.0006861582891984734,0.5302868497500984,0.004184241701936511,-0.011384520484347413,0.00160997801776905,0.9999251435910108,0.1540010388928794,-0.12151079008202086,0.11777077817554114,-0.13438185156350574,0.8894165731505007,0.7730279692028804,0.8041075447813638,0.9275619375956958,0.0,-1.6476883707153447,-1.4551384828691503,-1.503666282137768,-1.7200309647237393,2.55,-1.6,-1.4,0.0,0.0
0.8544759936152617,0.0006430402253809926,0.5308228309965505,0.004270223486525329,-0.01169929402970409,0.0009247264246803764,0.9999220152550004,0.15047076330328454,-0.12076046465183318,0.11677537539143891,-0.13116363063888017,0.8620700220225401,0.7847022705811301,0.8180649059684898,0.9002579962689701,0.0,-1.6248386833563473,-1.4518668534522379,-1.501772436377801,-1.6976162853274794,2.55,-1.6,-1.4,0.0,0.0
0.8620102910947216,0.0006397779485540211,0.5311999808655095,0.004223030018295652,-0.012118111021314824,0.00026381887652874794,0.9999176205079798,0.1450141794845913,-0.11984147015966748,0.11608013271741768,-0.1269523770793508,0.826817776607264,0.7966098737387043,0.8325901268871712,0.8651949103358462,0.0,-1.591943538073267,-1.4484724279221324,-1.500380560063106,-1.6646079087938226,2.55,-1.6,-1.4,0.0,0.0
0.8696512761079893,0.0006723738230305851,0.5313703128690923,0.004034625169665119,-0.012534010249336558,-0.00034622999070998023,0.9999132464927163,0.13871986965320707,-0.11880213933404708,0.11563727454586607,-0.12252975587077523,0.7864922072162743,0.8088515900452553,0.8475161462243574,0.8249719656291404,0.0,-1.5536817405466394,-1.4453569498869754,-1.4994836409695893,-1.625763098878906,2.55,-1.6,-1.4,0.0,0.0
0.8774081438743562,0.0007342910369816658,0.5313205627345603,0.0036902435572631147,-0.012761560074967216,-0.0009105301476413055,0.999911343880942,0.13241672193295292,-0.11771549501894953,0.11554501772878117,-0.11894064954808733,0.7442270490278148,0.8213595444308248,0.8622005862108854,0.7822393196165133,0.0,-1.515340763191727,-1.442960975192675,-1.4985318717961724,-1.585750209612694,2.55,-1.6,-1.4,0.0,0.0
0.885276881592606,0.0008175527824389218,0.5310727654310177,0.0031642265335099277,-0.012531539091692578,-0.0014587538286431798,0.999915406539826,0.1269154488239281,-0.1163689982347354,0.11573588467468136,-0.11717580335871175,0.7032671748875593,0.8340056094039183,0.8757146085303765,0.7396304631676567,0.0,-1.4824397003454484,-1.4420572368443334,-1.4967889015503169,-1.5491523665958957,2.55,-1.6,-1.4,0.0,0.0
0.8932300545306564,0.0009222394220513297,0.5306664638472298,0.0026120505468933456,-0.011455842727868776,-0.0020481204523176335,0.9999288705012711,0.12280430582425537,-0.11516960361962508,0.11562622097672935,-0.11827464315826954,0.666786822299374,0.8465144653040015,0.8866419777794976,0.6998087803542997,0.0,-1.4609651064497946,-1.4435582423478732,-1.4931682365264343,-1.5212977526081888,2.55,-1.6,-1.4,0.0,0.0
0.9012955668867595,0.0010441296584179742,0.5300409789241136,0.0017525584020349123,-0.009643395735136319,-0.0026164594955944464,0.999948542474787,0.1224070849530912,-0.11478027163454571,0.11673594623648702,-0.11845846932227823,0.6524729782816703,0.8579232254007553,0.8937815890142672,0.6849723865500507,0.0,-1.4392949234530148,-1.4513012091015225,-1.4945414762850513,-1.5047337205835065,2.55,-1.6,-1.4,0.0,0.0
0.9093711027970195,0.001179102197125307,0.5293319423379788,0.0009675710133181831,-0.008642995341890312,-0.002959578693143155,0.9999578007755194,0.12439560379700386,-0.1192188132896566,0.11854959449818486,-0.117527759780791,0.6696857816593946,0.859667349356939,0.8938241315783164,0.6983844334763472,0.0,-1.4480406659527965,-1.475148772724411,-1.519226395029416,-1.5063845316509665,2.55,-1.6,-1.4,0.0,0.0
0.9173964825006788,0.0013130113637423932,0.5287983696550349,0.0003834219988128279,-0.008599152446481188,-0.003095710318377952,0.999958161195956,0.12555711906781844,-0.12507351958370222,0.12265152856988876,-0.11696106472545709,0.6865793830709351,0.8695842795480604,0.9029694074183838,0.7144964589648091,0.0,-1.452974146668716,-1.5113094992124534,-1.556279221031412,-1.5096536866253754,2.55,-1.6,-1.4,0.0,0.0
0.9253031130681431,0.001451567030513315,0.5285108771807145,-0.00019584386601877702,-0.008984006296255754,-0.00305632859411298,0.9999549530511732,0.12636820992925035,-0.13160409770567613,0.1279867271400865,-0.11622224253021968,0.7027250860037791,0.8837073015507987,0.9168166773993535,0.7314714768150224,0.0,-1.4553798311356052,-1.5524029338497127,-1.599538769617668,-1.5128406214652617,2.55,-1.6,-1.4,0.0,0.0
0.9330674853010854,0.0015949731489146093,0.5284739327026748,-0.0007911856633424922,-0.009484983967318448,-0.002863536252604788,0.9999506034122466,0.126964343736822,-0.13807942646392224,0.13336721991539036,-0.11524608978144385,0.717868868863654,0.8980875448356634,0.931101787849246,0.7480823564309769,0.0,-1.4560972496031228,-1.5932014795646052,-1.6428799409756611,-1.5149865939889244,2.55,-1.6,-1.4,0.0,0.0
0.9407016454528638,0.0017391344623596157,0.5286641759411612,-0.0013647996572561656,-0.009961878188126659,-0.0025287678385905272,0.9999462503745284,0.12731996613699184,-0.14373808344914596,0.13797733341392968,-0.11406975165929985,0.7319891026840836,0.9094281092422546,0.9423361771187735,0.7639244663665987,0.0,-1.4556102319824291,-1.628623710571222,-1.6807311027550378,-1.5158785823281975,2.55,-1.6,-1.4,0.0,0.0
0.9482350713913474,0.0018769936051748863,0.5290437637774297,-0.001858712597932885,-0.010366849553123579,-0.002056407434358169,0.9999424207454574,0.12736893313153605,-0.1478696805825321,0.1411831801039486,-0.11280198103966003,0.745165891438783,0.9144547223878932,0.9471772792353249,0.7789494234104406,0.0,-1.4541745855381416,-1.653789379982747,-1.7078772103714321,-1.515567356444839,2.55,-1.6,-1.4,0.0,0.0
0.9557006325876825,0.0019994872609411345,0.5295714734186419,-0.0022309797976243708,-0.010685513711798591,-0.0014651463831513497,0.9999393460965188,0.12709426193863804,-0.14974213670615186,0.14245967433112144,-0.1115360874023185,0.7575313924194637,0.9098133053454183,0.9422683385394597,0.7932394171585925,0.0,-1.4519680925386733,-1.6638061447065313,-1.7192089687310492,-1.5142309459435928,2.55,-1.6,-1.4,0.0,0.0
